CREATE EXTENSION IF NOT EXISTS pgcrypto;

INSERT INTO access_type (access_type_id, access_name)
VALUES
  (1, 'configuration'),
  (2, 'report'),
  (3, 'employee'),
  (4, 'employeeDetails'),
  (5, 'addEmployee'),
  (6, 'inventory'),
  (7, 'productForm'),
  (8, 'stockUpdateForm'),
  (9, 'productCatalog'),
  (10, 'customerForm'),
  (11, 'customers'),
  (12, 'supplierForm'),
  (13, 'supplier'),
  (14, 'supplierDetails'),
  (15, 'addBranch');

INSERT INTO user_role (role_id, role_name, role_desc,user_access)
VALUES
    (1, 'Owner', 'Responsible for overall management and ownership of the supermarket.','{1,2,3,4}'),
    (2, 'Finance Manager', 'Responsible for financial reporting and analysis.', '{1,2,3,4}'),
    (3, 'Branch Manager', 'Manages the day-to-day operations of a specific branch.','{1,2,3,4}'),
    (4, 'Cashier', 'Handles customer transactions at the checkout counter.','{1,2,3,4}');

INSERT INTO payment_method (payment_method_id, payment_method_name)
VALUES 
    (1, 'Cash'),
    (2, 'Credit Card'),
    (3, 'Debit Card'),
    (4, 'Mobile Money');

INSERT INTO discount (discount_id, discount_name , discount_desc , discount_percentage)
VALUES
    (1, 'Summer Sale', 'Get discounts on various summer products', 15.00),
    (2, 'Back to School', 'Special discounts on school supplies', 10.50),
    (3, 'Holiday Season', 'Festive discounts for holiday shoppers', 20.00),
    (4, 'Weekend Special', 'Limited-time weekend discounts', 12.75),
    (5, 'New Year Clearance', 'Clearance sale for old inventory', 30.25),
    (6, 'Valentine''s Day', 'Discounts on gifts for your loved ones', 14.00),
    (7, 'Spring Cleaning', 'Save on cleaning supplies', 18.50),
    (8, 'Easter Sale', 'Special offers for Easter weekend', 10.00),
    (9, 'Black Friday', 'Biggest discounts of the year on Black Friday', 35.00),
    (10, 'Cyber Monday', 'Online-only deals for Cyber Monday', 25.50);

INSERT INTO branch (branch_id, branch_city, branch_address, branch_phone, branch_email)
VALUES
    ('45ba25bb-eab9-461f-a93b-559e4e8c74e4', 'Colombo', '123 Main St, Colombo 01', '112233445', 'colombobranch@example.com'),
    ('aeda1973-4148-474a-8153-c199958a59c6', 'Kandy', '456 Elm St, Kandy 20000', '814325678', 'kandybranch@example.com'),
    ('f6fed7de-dba7-4988-b73b-b775c7577bc2', 'Galle', '789 Oak St, Galle 80000', '912345678',  'gallebranch@example.com'),
    ('d0fdf18f-40af-46d3-9475-81465cf61994', 'Anuradhapura', '789 Pine St, Anuradhapura 50000', '762345678', 'anuradhapurabranch@example.com');


INSERT INTO supplier (supplier_id, supplier_name ,supplier_email ,supplier_phone ,supplier_address )
VALUES
    (1, 'Mega Suppliers Inc.', 'mega@suppliers.lk', '666765678', '345 Cinnamon St, Colombo 02'),
    (2, 'Global Imports Co.', 'info@globalico.lk', '911234567', '789 Ruby St, Ratnapura 70000'),
    (3, 'Superior Distributors Ltd.','info@sdistributors.lk', '444555666', '567 Timber St, Baduraliya 80200'),
    (4, 'Prime Wholesale Supplies', 'sales@prime.lk', '333444555', '432 Cocoa St, Matale 80050'),
    (5, 'Best Buy Traders', 'info@bestbuyt.lk', '888999000', '876 Tea Gardens, Nuwara Eliya 22250'),
    (6,  'Quality Goods Exporters', 'info@qgexporters.lk', '777999888', '654 Timber St, Kalutara 12000');


INSERT INTO employee (employee_id, employee_name, role_id, hired_date, employee_email, employee_phone, branch_id, employee_image)
VALUES
    (1, 'Somesh Chandimal', 1, '2022-01-15', 'somesh@example.com', '112233445', '45ba25bb-eab9-461f-a93b-559e4e8c74e4','employee-image-placeholder.jpg'),
    (2, 'John Doe',  2, '2022-05-15', 'johndoe@example.com', '112243445', '45ba25bb-eab9-461f-a93b-559e4e8c74e4','employee-image-placeholder.jpg'),
    (3, 'Jane Smith',  2, '2021-12-10', 'janesmith@example.com', '998877665', 'aeda1973-4148-474a-8153-c199958a59c6','employee-image-placeholder.jpg'),
    (4, 'Robert Johnson',  2, '2023-02-28', 'robertjohnson@example.com', '777766655', 'f6fed7de-dba7-4988-b73b-b775c7577bc2','employee-image-placeholder.jpg'),
    (5, 'Mary Wilson', 2, '2022-09-30', 'marywilson@example.com', '333444555', 'd0fdf18f-40af-46d3-9475-81465cf61994', 'employee-image-placeholder.jpg'),
    (6, 'Michael Lee',  3, '2020-07-05', 'michaellee@example.com', '222555444', '45ba25bb-eab9-461f-a93b-559e4e8c74e4' , 'employee-image-placeholder.jpg'),
    (7, 'Lisa Garcia', 3, '2021-10-20', 'lisagarcia@example.com', '666555444', 'aeda1973-4148-474a-8153-c199958a59c6' , 'employee-image-placeholder.jpg'),
    (8, 'David Martinez',  3, '2022-04-15', 'davidmartinez@example.com', '777444555', 'f6fed7de-dba7-4988-b73b-b775c7577bc2' , 'employee-image-placeholder.jpg'),
    (9, 'Sarah Brown', 3, '2021-03-25', 'sarahbrown@example.com', '555444333', 'd0fdf18f-40af-46d3-9475-81465cf61994', 'employee-image-placeholder.jpg'),
    (10, 'William Smith',  4, '2022-01-05', 'williamsmith@example.com', '777888999', '45ba25bb-eab9-461f-a93b-559e4e8c74e4', 'employee-image-placeholder.jpg'),
    (11, 'Karen Davis',  4, '2023-06-30', 'karendavis@example.com', '444555666', '45ba25bb-eab9-461f-a93b-559e4e8c74e4', 'employee-image-placeholder.jpg'),
    (12, 'James Taylor',  4, '2022-08-15', 'jamestaylor@example.com', '555747888', '45ba25bb-eab9-461f-a93b-559e4e8c74e4', 'employee-image-placeholder.jpg'),
    (13, 'Jennifer Clark',  4, '2021-11-10', 'jenniferclark@example.com', '999888777', 'aeda1973-4148-474a-8153-c199958a59c6', 'employee-image-placeholder.jpg'),
    (14, 'Joseph Johnson', 4, '2023-01-15', 'josephjohnson@example.com', '555666777', 'aeda1973-4148-474a-8153-c199958a59c6', 'employee-image-placeholder.jpg'),
    (15, 'Nancy Moore',  4, '2021-04-20', 'nancymoore@example.com', '444666555', 'aeda1973-4148-474a-8153-c199958a59c6', 'employee-image-placeholder.jpg'),
    (16, 'Robert White',  4, '2020-11-05', 'robertwhite@example.com', '333777666', 'f6fed7de-dba7-4988-b73b-b775c7577bc2', 'employee-image-placeholder.jpg'),
    (17, 'Linda Harris', 4, '2022-02-28', 'lindaharris@example.com', '222777888', 'f6fed7de-dba7-4988-b73b-b775c7577bc2', 'employee-image-placeholder.jpg'),
    (18, 'John Miller',  4, '2023-03-10', 'johnmiller@example.com', '444555444', 'f6fed7de-dba7-4988-b73b-b775c7577bc2', 'employee-image-placeholder.jpg'),
    (19, 'Patricia Garcia',  4, '2022-07-01', 'patriciagarcia@example.com', '777555444', 'd0fdf18f-40af-46d3-9475-81465cf61994', 'employee-image-placeholder.jpg'),
    (20, 'Robert Brown',  4, '2020-12-25', 'robertbrown@example.com', '666444555', 'd0fdf18f-40af-46d3-9475-81465cf61994', 'employee-image-placeholder.jpg');


INSERT INTO user_credentials (user_id, username, password) 
VALUES
(1, 'somesh', '$2b$12$JotH3Y0O2ChThIspRWQvqeEBrUQkgvJLL5Ch402.mXhLPzL6fsuxG'),
(2,'johndoe', crypt('password1',gen_salt('bf'))),
(3,'janesmith', crypt('password2',gen_salt('bf'))),
(4,'robertjohnson', crypt('password3',gen_salt('bf'))),
(5,'marywilson', crypt('password4',gen_salt('bf'))),
(6,'michaellee', crypt('password5',gen_salt('bf'))),
(7,'lisagarcia', crypt('password6',gen_salt('bf'))),
(8,'davidmartinez', crypt('password7',gen_salt('bf'))),
(9,'sarahbrown', crypt('password8',gen_salt('bf'))),
(10,'williamsmith', crypt('password9',gen_salt('bf'))),
(11,'karendavis', crypt('password10',gen_salt('bf'))),
(12,'jamestaylor', crypt('password11',gen_salt('bf'))),
(13,'jenniferclark', crypt('password12',gen_salt('bf'))),
(14,'josephjohnson', crypt('password13',gen_salt('bf'))),
(15,'nancymoore', crypt('password14',gen_salt('bf'))),
(16,'robertwhite', crypt('password15',gen_salt('bf'))),
(17,'lindaharris', crypt('password16',gen_salt('bf'))),
(18,'johnmiller', crypt('password17',gen_salt('bf'))),
(19,'patriciagarcia', crypt('password18',gen_salt('bf'))),
(20,'robertbrown', crypt('password19',gen_salt('bf')));


INSERT INTO category (category_id, category_name)
VALUES
   (1, 'Biscuits'),
   (2, 'Snacks'),
   (3, 'Beverages'),
   (4, 'Dairy'),
   (5, 'Cooking Ingredients'),
   (6, 'Dental Care'),
   (7, 'Stationary/Books');


INSERT INTO product (product_id, product_name, product_desc, category_id,
 product_image, buying_price, retail_price, discount, supplier_id, product_barcode, created_at)
VALUES
    ('b34ea334-9f36-4c3e-92a1-449fdae018e7', 'Munchee Cream Cracker 100g', 'Delicious cream cracker biscuits from Munchee. Ideal for snacking.', 1,
     '{"product-image-placeholder.jpg","placeholder-300x400.png","placeholder-200x200.png"}',50.00, 70.00,1.00, 1, '1234-5678', '2022-03-10'),
    ('6782cdfd-6476-4b95-974d-456a9383bbd0', 'Maliban Potato Cracker 110g','Delcios cracker in potatoe falvour',1,
    '{"product-image-placeholder.jpg","placeholder-300x400.png","placeholder-200x200.png"}', 60.00, 70.00, 1.00,2, '2341-5678', '2022-03-10'),
    ('c52c8756-9213-45ac-87cc-b3e49fac9095', 'Maliban Lemon Puff 200g', 'Delicious lemon puff biscuits from Maliban. Ideal for snacking.', 1,
    '{"product-image-placeholder.jpg","placeholder-300x400.png","placeholder-200x200.png"}', 100.00, 120.00, 1.00, 2, '3456-1812', '2022-03-10'),
    ('13f9f76c-0407-4092-a71a-375de6452c74', 'Doritos Cool Ranch Tortilla Chips','Delicious tortilla chips from Doritos. Ideal for snacking.', 2,  
    '{"product-image-placeholder.jpg","placeholder-300x400.png","placeholder-200x200.png"}', 150.00, 200.00, 1.00, 3, '4567-8123', '2022-03-10'),
    ('4525dfa6-601c-4b79-a74b-c406acf73370',  'Pringles Original Potato Crisps ','Delicious potato crisps from Pringles. Ideal for snacking.', 2,
    '{"product-image-placeholder.jpg","placeholder-300x400.png","placeholder-200x200.png"}', 240.00, 210.00, 1.00, 4, '5678-1235', '2022-03-10'),
    ('38ec3114-66a3-4f71-b018-e63e8e286a8f',  'Coca-Cola 1.5L',  'Refreshing cola drink from Coca-Cola. Ideal for quenching your thirst.', 3,
        '{"product-image-placeholder.jpg","placeholder-300x400.png","placeholder-200x200.png"}', 200.00, 220.00, 1.00, 5, '6781-2346', '2022-03-10'),
    ('421179a8-d49f-49fa-b542-fd1a997b2cfb', 'Sprite 1.5L', 'Refreshing lemon-lime drink from Sprite. Ideal for quenching your thirst.', 3,
        '{"product-image-placeholder.jpg","placeholder-300x400.png","placeholder-200x200.png"}', 150.00, 230.00, 2.00, 6, '7812-3446', '2022-03-10'),
    ('5e51e5e5-1d84-4f41-956a-70db73e8e7b6', 'Fanta 1.5L', 'Refreshing orange drink from Fanta. Ideal for quenching your thirst.', 3,
        '{"product-image-placeholder.jpg","placeholder-300x400.png","placeholder-200x200.png"}', 200.00, 250.00, 1.00, 1, '8123-4561', '2022-03-10'),
    ('8a6752b9-e9ca-44c6-a9c0-cc562a5ac21b', 'Kotmale Set Yoghurt 80g', 'Delicious natural yogurt. Perfect for a healthy snack.', 4,
        '{"product-image-placeholder.jpg","placeholder-300x400.png","placeholder-200x200.png"}', 60.00, 80.00, 1.00, 2, '1234-5644', '2022-03-10'),
    ('f2ea548c-0b0a-4124-9f97-4f5c211534c8', 'Kotmale Cheddar Cheese 250g', 'High-quality cheddar cheese. Great for sandwiches and recipes.', 4,
        '{"product-image-placeholder.jpg","placeholder-300x400.png","placeholder-200x200.png"}', 700.00, 900.00, 1.00, 3, '1345-6781', '2022-03-10'),
    ('ef8a2608-3168-4cec-9e5c-9f03f5555699', 'Kotmale Fresh Milk 1L', 'High-quality fresh milk. Ideal for drinking and cooking.', 4,
        '{"product-image-placeholder.jpg","placeholder-300x400.png","placeholder-200x200.png"}', 510.00, 600.00, 1.00, 6, '3456-2812', '2022-03-10'),
    ('e53ec0ef-eec0-4e3f-8e75-79e2e29c9b5d', 'Kotmale Salted Butter 200g', 'Premium salted butter. Perfect for cooking and baking.', 4,
        '{"product-image-placeholder.jpg","placeholder-300x400.png","placeholder-200x200.png"}', 600.00, 750.00, 1.00, 3, '5678-9012', '2022-03-11'),
    ('0acf7d7e-b925-4422-b8c3-9e9e2069dcf4', 'Coconut Milk 400ml', 'High-quality coconut milk . Ideal for cooking.', 5,
        '{"product-image-placeholder.jpg","placeholder-300x400.png","placeholder-200x200.png"}',360.00, 475.00, 1.00, 5, '8812-3456', '2022-03-10'),
    ('63de162b-3ffa-4b1e-9963-53c24e90b18c', 'Coconut Oil 500ml', 'High-quality coconut oil from Carl. Ideal for cooking.', 5,
        '{"product-image-placeholder.jpg","placeholder-300x400.png","placeholder-200x200.png"}',220.00, 360.00, 1.00, 6, '8123-4567', '2022-03-10'),
    ('fe476643-4e56-40b4-a9ef-a8063256654f', 'Carl Coconut Vinegar 500ml', 'High-quality coconut vinegar from Carl. Ideal for cooking.', 5,
        '{"product-image-placeholder.jpg","placeholder-300x400.png","placeholder-200x200.png"}',200.00, 225.00, 1.00, 4, '1234-1678', '2022-03-10'),
    ('d87c4075-3991-4168-9a8a-cf41183474a2', 'Colgate Toothpaste 100g', 'Colgate toothpaste for healthy teeth and gums.', 6,
        '{"product-image-placeholder.jpg","placeholder-300x400.png","placeholder-200x200.png"}', 180.00, 190.00, 1.00, 1, '2345-6781', '2022-03-10'),
    ('3b0913d5-e5fe-44bc-833a-bdd633267f63', 'Colgate one Toothbrush packet ', 'Colgate toothbrush for healthy teeth and gums.', 6,
        '{"product-image-placeholder.jpg","placeholder-300x400.png","placeholder-200x200.png"}',120.00, 200.00, 1.00, 3, '3456-7812', '2022-03-10'),
    ('c813f8a5-19ea-4687-94ab-fd9e189ccdd6', 'Colgate Mouthwash 500ml', 'Colgate mouthwash for healthy teeth and gums.', 6,
        '{"product-image-placeholder.jpg","placeholder-300x400.png","placeholder-200x200.png"}',160.00, 320.00, 1.00, 4, '4567-9123', '2022-03-10'),
    ('98f6c185-4401-4252-8ab8-60dc63836f0a', 'Parker Pen 12 set', 'Parker pen for writing.', 7,
        '{"product-image-placeholder.jpg","placeholder-300x400.png","placeholder-200x200.png"}',700.00, 850.00, 1.00, 5, '5678-1234', '2022-03-10'),
    ('5dba6b8a-349c-43e3-8449-ffa0e6849e2d', 'A4 Paper 400 Packet', 'A4 paper for writing.', 7,
        '{"product-image-placeholder.jpg","placeholder-300x400.png","placeholder-200x200.png"}',800.00, 1250.00, 1.00, 6, '6781-2345', '2022-03-10'),
    ('dbf199c1-3968-4fc3-b4af-e7f99838521f', 'Pencil 24 set', 'Pencil for writing.', 7,
        '{"product-image-placeholder.jpg","placeholder-300x400.png","placeholder-200x200.png"}',100.00, 450.00, 1.00, 5, '7812-3456', '2022-03-10') ;

    
INSERT INTO inventory (product_id, branch_id, quantity,updated_on,  reorder_level)
VALUES
    ('b34ea334-9f36-4c3e-92a1-449fdae018e7', '45ba25bb-eab9-461f-a93b-559e4e8c74e4', 500, '2023-07-05 10:00:00', 100),
    ('b34ea334-9f36-4c3e-92a1-449fdae018e7', 'aeda1973-4148-474a-8153-c199958a59c6', 500, '2023-07-05 11:00:00', 100),
    ('b34ea334-9f36-4c3e-92a1-449fdae018e7', 'f6fed7de-dba7-4988-b73b-b775c7577bc2', 300, '2023-07-10 11:00:00', 50),
    ('6782cdfd-6476-4b95-974d-456a9383bbd0', '45ba25bb-eab9-461f-a93b-559e4e8c74e4', 200, '2023-08-01 10:00:00', 30),
    ('6782cdfd-6476-4b95-974d-456a9383bbd0' ,'f6fed7de-dba7-4988-b73b-b775c7577bc2', 150, '2023-08-01 10:01:00', 20),
    ('6782cdfd-6476-4b95-974d-456a9383bbd0', 'd0fdf18f-40af-46d3-9475-81465cf61994', 100, '2023-08-01 10:02:00',15),
    ('13f9f76c-0407-4092-a71a-375de6452c74', 'd0fdf18f-40af-46d3-9475-81465cf61994', 100, '2023-09-05 10:00:00', 20),
    ('4525dfa6-601c-4b79-a74b-c406acf73370', '45ba25bb-eab9-461f-a93b-559e4e8c74e4', 400, '2023-07-15 10:00:00', 80),
    ('38ec3114-66a3-4f71-b018-e63e8e286a8f', 'aeda1973-4148-474a-8153-c199958a59c6', 250, '2023-08-25 10:00:00', 40),
    ('421179a8-d49f-49fa-b542-fd1a997b2cfb', 'f6fed7de-dba7-4988-b73b-b775c7577bc2', 300, '2023-09-10 10:00:00', 60),
    ('5e51e5e5-1d84-4f41-956a-70db73e8e7b6', 'd0fdf18f-40af-46d3-9475-81465cf61994', 500, '2023-07-01 10:00:00', 100),
    ('8a6752b9-e9ca-44c6-a9c0-cc562a5ac21b', '45ba25bb-eab9-461f-a93b-559e4e8c74e4', 1000, '2023-08-20 10:00:00', 200),
    ('f2ea548c-0b0a-4124-9f97-4f5c211534c8', '45ba25bb-eab9-461f-a93b-559e4e8c74e4', 400, '2023-09-01 10:00:00', 80),
    ('ef8a2608-3168-4cec-9e5c-9f03f5555699', '45ba25bb-eab9-461f-a93b-559e4e8c74e4', 300, '2023-07-10 10:00:00', 60),
    ('e53ec0ef-eec0-4e3f-8e75-79e2e29c9b5d', 'aeda1973-4148-474a-8153-c199958a59c6', 250, '2023-08-15 10:00:00', 50),
    ('0acf7d7e-b925-4422-b8c3-9e9e2069dcf4', 'f6fed7de-dba7-4988-b73b-b775c7577bc2', 300, '2023-09-20 10:00:00', 60),
    ('63de162b-3ffa-4b1e-9963-53c24e90b18c', 'd0fdf18f-40af-46d3-9475-81465cf61994', 600, '2023-07-05 10:00:00', 120),
    ('fe476643-4e56-40b4-a9ef-a8063256654f', 'aeda1973-4148-474a-8153-c199958a59c6', 500, '2023-07-15 10:00:00', 100),
    ('d87c4075-3991-4168-9a8a-cf41183474a2', '45ba25bb-eab9-461f-a93b-559e4e8c74e4', 200, '2023-08-10 10:00:00', 40),
    ('3b0913d5-e5fe-44bc-833a-bdd633267f63', '45ba25bb-eab9-461f-a93b-559e4e8c74e4', 800, '2023-08-20 10:00:00', 160),
    ('c813f8a5-19ea-4687-94ab-fd9e189ccdd6', 'aeda1973-4148-474a-8153-c199958a59c6', 200, '2023-09-10 10:00:00', 40),
    ('98f6c185-4401-4252-8ab8-60dc63836f0a', 'f6fed7de-dba7-4988-b73b-b775c7577bc2', 30, '2023-07-15 10:00:00', 6),
    ('5dba6b8a-349c-43e3-8449-ffa0e6849e2d', 'd0fdf18f-40af-46d3-9475-81465cf61994', 10, '2023-07-30 10:00:00', 2),
    ('c52c8756-9213-45ac-87cc-b3e49fac9095', '45ba25bb-eab9-461f-a93b-559e4e8c74e4', 500, '2023-07-05 10:00:00', 100),
    ('c52c8756-9213-45ac-87cc-b3e49fac9095', 'aeda1973-4148-474a-8153-c199958a59c6', 500, '2023-07-05 10:00:00', 100),
    ('6782cdfd-6476-4b95-974d-456a9383bbd0', 'aeda1973-4148-474a-8153-c199958a59c6', 300, '2023-07-10 10:00:00', 50),
    ('c52c8756-9213-45ac-87cc-b3e49fac9095', 'f6fed7de-dba7-4988-b73b-b775c7577bc2', 200, '2023-08-01 10:00:00', 30),
    ('13f9f76c-0407-4092-a71a-375de6452c74', '45ba25bb-eab9-461f-a93b-559e4e8c74e4', 100, '2023-09-05 10:00:00', 20),
    ('4525dfa6-601c-4b79-a74b-c406acf73370', 'aeda1973-4148-474a-8153-c199958a59c6', 400, '2023-07-15 10:00:00', 80),
    ('38ec3114-66a3-4f71-b018-e63e8e286a8f', 'f6fed7de-dba7-4988-b73b-b775c7577bc2', 250, '2023-08-25 10:00:00', 40),
    ('421179a8-d49f-49fa-b542-fd1a997b2cfb', 'd0fdf18f-40af-46d3-9475-81465cf61994', 300, '2023-09-10 10:00:00', 60),
    ('5e51e5e5-1d84-4f41-956a-70db73e8e7b6', '45ba25bb-eab9-461f-a93b-559e4e8c74e4', 500, '2023-07-01 10:00:00', 100),
    ('8a6752b9-e9ca-44c6-a9c0-cc562a5ac21b', 'aeda1973-4148-474a-8153-c199958a59c6', 1000, '2023-08-20 10:00:00', 200),
    ('f2ea548c-0b0a-4124-9f97-4f5c211534c8', 'f6fed7de-dba7-4988-b73b-b775c7577bc2', 400, '2023-09-01 10:00:00', 80),
    ('ef8a2608-3168-4cec-9e5c-9f03f5555699', 'aeda1973-4148-474a-8153-c199958a59c6', 300, '2023-07-10 10:00:00', 60),
    ('e53ec0ef-eec0-4e3f-8e75-79e2e29c9b5d', 'd0fdf18f-40af-46d3-9475-81465cf61994', 250, '2023-08-15 10:00:00', 50),
    ('0acf7d7e-b925-4422-b8c3-9e9e2069dcf4', 'aeda1973-4148-474a-8153-c199958a59c6', 300, '2023-09-20 10:00:00', 60),
    ('63de162b-3ffa-4b1e-9963-53c24e90b18c', '45ba25bb-eab9-461f-a93b-559e4e8c74e4', 600, '2023-07-05 10:00:00', 120),
    ('fe476643-4e56-40b4-a9ef-a8063256654f', '45ba25bb-eab9-461f-a93b-559e4e8c74e4', 500, '2023-07-15 10:00:00', 100),
    ('d87c4075-3991-4168-9a8a-cf41183474a2', 'f6fed7de-dba7-4988-b73b-b775c7577bc2', 200, '2023-08-10 10:00:00', 40),
    ('3b0913d5-e5fe-44bc-833a-bdd633267f63', 'f6fed7de-dba7-4988-b73b-b775c7577bc2', 800, '2023-08-20 10:00:00', 160),
    ('c813f8a5-19ea-4687-94ab-fd9e189ccdd6', 'f6fed7de-dba7-4988-b73b-b775c7577bc2', 200, '2023-09-10 10:00:00', 40),
    ('98f6c185-4401-4252-8ab8-60dc63836f0a', 'd0fdf18f-40af-46d3-9475-81465cf61994', 30, '2023-07-15 10:00:00', 6),
    ('5dba6b8a-349c-43e3-8449-ffa0e6849e2d', 'f6fed7de-dba7-4988-b73b-b775c7577bc2', 10, '2023-07-30 10:00:00', 2);


insert into customer (customer_id, customer_name ,customer_email ,customer_phone ,customer_address ,
visit_count ,rewards_points ) values 
 (1, 'Ruth Lawles', 'rlawles0@seattletimes.com', '5921508750', '1693 Atwood Trail', 1, 44.9),
 (2, 'Mersey Roller', 'mroller1@wikispaces.com', '4985745753', '21472 Fisk Crossing', 2, 108.06),
 (3, 'Hildegaard Fawdry', 'hfawdry2@yolasite.com', '5268053265', '9 Riverside Parkway', 3, 62.65),
 (4, 'Tades Solly', 'tsolly3@gravatar.com', '2719821318', '68418 American Lane', 4, 12.86),
 (5, 'Rycca Banaszewski', 'rbanaszewski4@reddit.com', '9029815205', '8502 Clyde Gallagher Park', 5, 39.14),
 (6, 'Karee Cummine', 'kcummine5@mapy.cz', '9995455220', '155 Birchwood Hill', 6, 68.18),
 (7, 'Bondy Eggleson', 'beggleson6@sciencedaily.com', '3941144811', '6095 Forster Drive', 7, 143.18),
 (8, 'Natalie Allardyce', 'nallardyce7@fastcompany.com', '6187581464', '8894 Moulton Alley', 8, 16.68),
 (9, 'Levi Aleksidze', 'laleksidze8@slashdot.org', '4756678751', '12 Tony Park', 9, 139.59),
 (10, 'Louisa Saffin', 'lsaffin9@time.com', '5941946586', '7 Warbler Way', 10, 91.55),
 (11, 'Brigitta Corder', 'bcordera@google.es', '4468475060', '71 Delaware Place', 11, 59.1),
 (12, 'Ryan Sawley', 'rsawleyb@canalblog.com', '6492502987', '2 Moose Lane', 12, 134.98),
 (13, 'Letisha Pedden', 'lpeddenc@devhub.com', '7912229080', '1 Holy Cross Road', 13, 57.52),
 (14, 'Sky Jannaway', 'sjannawayd@moonfruit.com', '8963624803', '2570 Golf View Trail', 14, 34.71),
 (15, 'Pepi Ealam', 'pealame@google.co.jp', '9202071354', '6097 Erie Alley', 15, 26.32),
 (16, 'Almeda Sowle', 'asowlef@ocn.ne.jp', '8352786190', '35 Forest Run Junction', 16, 72.48),
 (17, 'Bride McParland', 'bmcparlandg@hatena.ne.jp', '9772622371', '2775 Stephen Hill', 17, 95.77),
 (18, 'Mick Legate', 'mlegateh@tripadvisor.com', '3131136306', '5 Mesta Avenue', 18, 113.22),
 (19, 'Brade Ferrino', 'bferrinoi@opensource.org', '3195673062', '8126 Lighthouse Bay Way', 19, 3.32),
 (20, 'Richmound Guillford', 'rguillfordj@trellian.com', '2199275143', '34956 Graedel Terrace', 20, 38.58),
 (21, 'Griz Karsh', 'gkarshk@oracle.com', '2264651162', '5453 Manufacturers Street', 21, 28.49),
 (22, 'Allyce Halsall', 'ahalsalll@jalbum.net', '9934037108', '6 Lighthouse Bay Road', 22, 126.54),
 (23, 'Danyelle Mico', 'dmicom@cdc.gov', '3937996317', '94509 Oneill Hill', 23, 148.89),
 (24, 'Ariana Hengoed', 'ahengoedn@dion.ne.jp', '5079190954', '0 Hoard Court', 24, 31.03),
 (25, 'Nichols Candey', 'ncandeyo@reuters.com', '3083019477', '00 Duke Street', 25, 98.57),
 (26, 'Sutherland Juste', 'sjustep@tumblr.com', '1962699631', '9 Huxley Junction', 26, 138.61),
 (27, 'Craig Flecknoe', 'cflecknoeq@disqus.com', '1113654214', '36332 Linden Place', 27, 138.82),
 (28, 'Bell McGillecole', 'bmcgillecoler@infoseek.co.jp', '9194662963', '9907 North Plaza', 28, 4.8),
 (29, 'Bartram D''Alessandro', 'bdalessandros@dailymotion.com', '5594993159', '3 Eagan Center', 29, 2.98),
 (30, 'Tye Brookbank', 'tbrookbankt@oaic.gov.au', '3973885329', '3 5th Park', 30, 24.49),
 (31, 'Durante Cable', 'dcableu@deliciousdays.com', '7715263186', '2 Holmberg Court', 31, 40.97),
 (32, 'Delly Bobasch', 'dbobaschv@irs.gov', '4681849719', '426 Muir Court', 32, 20.08),
 (33, 'Katey Maddison', 'kmaddisonw@goo.ne.jp', '9533359639', '43 Annamark Alley', 33, 22.31),
 (34, 'Lotta Bigrigg', 'lbigriggx@wunderground.com', '3189193913', '0796 Sachs Circle', 34, 61.17),
 (35, 'Rhys Banaszczyk', 'rbanaszczyky@youtube.com', '7798215611', '540 David Trail', 35, 72.54),
 (36, 'Teresina Hill', 'thillz@examiner.com', '1143376907', '3098 Stoughton Trail', 36, 35.45),
 (37, 'Laurent Blann', 'lblann10@google.com.hk', '8651209978', '8769 Messerschmidt Terrace', 37, 134.1),
 (38, 'Garwood Rothman', 'grothman11@wired.com', '5069606418', '6507 Westerfield Pass', 38, 14.81),
 (39, 'Kelley Bend', 'kbend12@digg.com', '6299322810', '28 Memorial Lane', 39, 52.81),
 (40, 'Porty Blitzer', 'pblitzer13@ucoz.ru', '4228422022', '60718 Swallow Center', 40, 47.23),
 (41, 'Ivor Keesman', 'ikeesman14@hugedomains.com', '2325980038', '9499 Sauthoff Lane', 41, 146.84),
 (42, 'Jeremie Yakutin', 'jyakutin15@upenn.edu', '1194535207', '72 Moland Alley', 42, 115.11),
 (43, 'Jessica Robeson', 'jrobeson16@blogger.com', '1497335402', '90 Drewry Court', 43, 7.25),
 (44, 'Corissa Varty', 'cvarty17@stanford.edu', '3918785556', '24060 Continental Drive', 44, 52.83),
 (45, 'Maynord Nafziger', 'mnafziger18@noaa.gov', '3941403854', '84187 Crownhardt Road', 45, 68.69),
 (46, 'Fowler Chantler', 'fchantler19@angelfire.com', '9981381006', '184 Texas Court', 46, 55.48);


INSERT INTO sales_history (order_id, customer_id, cashier_id, branch_id, created_at, total_amount, profit, rewards_points, payment_method_id, reference_id, product_count)
VALUES   
    (1, 1,10,'45ba25bb-eab9-461f-a93b-559e4e8c74e4','2023-08-15 10:30:00+05:30',100.00,0.00,0.00,1,'110',NULL),
    (2, 2,10,'45ba25bb-eab9-461f-a93b-559e4e8c74e4','2023-08-15 14:45:00+05:30',75.50,0.00,0.00,2,'12485',NULL),
    (3, 3,11,'45ba25bb-eab9-461f-a93b-559e4e8c74e4','2023-08-20 16:20:00+05:30',200.75,0.00,0.00,1,'280',NULL),
    (4, 4,12,'45ba25bb-eab9-461f-a93b-559e4e8c74e4','2023-08-25 11:15:00+05:30',50.25,0.00,0.00,3,'15485',NULL),
    (5, 5,13,'aeda1973-4148-474a-8153-c199958a59c6','2023-08-25 09:40:00+05:30',25.00,0.00,0.00,1,'148',NULL),
    (6, 6,13,'aeda1973-4148-474a-8153-c199958a59c6','2023-08-31 17:05:00+05:30',75.75,0.00,0.00,1,'180',NULL),
    (7, 7,11,'45ba25bb-eab9-461f-a93b-559e4e8c74e4','2023-09-01 13:55:00+05:30',300.00,0.00,0.00,1,'450',NULL),
    (8, 8,15,'aeda1973-4148-474a-8153-c199958a59c6','2023-09-01 19:10:00+05:30',200.50,0.00,0.00,1,'780',NULL),
    (9, 9,16,'f6fed7de-dba7-4988-b73b-b775c7577bc2','2023-09-02 08:00:00+05:30',100.25,0.00,0.00,2,'55825',NULL),
    (10, 10,19,'d0fdf18f-40af-46d3-9475-81465cf61994','2023-09-05 12:25:00+05:30',375.75,0.00,0.00,1,'740',NULL),
    (11, 11,10,'45ba25bb-eab9-461f-a93b-559e4e8c74e4','2023-09-05 15:15:00+05:30',450.00,0.00,0.00,1,'860',NULL),
    (12, 12,19,'d0fdf18f-40af-46d3-9475-81465cf61994','2023-09-10 10:50:00+05:30',250.00,0.00,0.00,1,'720',NULL),
    (13, 13,17,'f6fed7de-dba7-4988-b73b-b775c7577bc2','2023-09-12 14:30:00+05:30',100.00,0.00,0.00,1,'840',NULL),
    (14, 14,18,'f6fed7de-dba7-4988-b73b-b775c7577bc2','2023-09-15 16:55:00+05:30',200.50,0.00,0.00,1,'760',NULL),
    (15, 45,1,'45ba25bb-eab9-461f-a93b-559e4e8c74e4','2023-09-27 11:28:10.942567+05:30',540.00,138.00,0.27,1,'999',4),
    (16, 45,1,'45ba25bb-eab9-461f-a93b-559e4e8c74e4','2023-09-28 12:21:36.459182+05:30',140.00,39.00,0.07,1,'200',2),
    (17, 9,20,'d0fdf18f-40af-46d3-9475-81465cf61994','2023-09-28 12:32:01.245223+05:30',1750.00,548.00,0.88,1,'2000',3),
    (18, 8,20,'d0fdf18f-40af-46d3-9475-81465cf61994','2023-09-29 12:33:03.478696+05:30',590.00,368.00,0.29,1,'600',3),
    (19, 15,20,'d0fdf18f-40af-46d3-9475-81465cf61994','2023-09-01 13:32:29.544634+05:30',520.00,358.00,0.26,1,'600',2),
    (20, 42,20,'d0fdf18f-40af-46d3-9475-81465cf61994','2023-09-02 13:36:37.730817+05:30',1250.00,449.00,0.63,1,'1300',1),
    (21, 10,20,'d0fdf18f-40af-46d3-9475-81465cf61994','2023-09-03 13:40:06.848182+05:30',690.00,238.00,0.34,1,'700',3),
    (22, 46,10,'45ba25bb-eab9-461f-a93b-559e4e8c74e4','2023-09-03 13:43:57.647557+05:30',850.00,248.00,0.42,1,'1000',3),
    (23, 7,16,'f6fed7de-dba7-4988-b73b-b775c7577bc2','2023-09-03 13:47:23.74366+05:30',470.00,87.00,0.23,1,'500',6),
    (24, 3,14,'aeda1973-4148-474a-8153-c199958a59c6','2023-09-04 13:50:40.957297+05:30',440.00,39.00,0.22,1,'500',2),
    (25, 21,14,'aeda1973-4148-474a-8153-c199958a59c6','2023-09-05 13:53:35.453728+05:30',1330.00,97.00,0.67,1,'1500',5),
    (26, 13,13,'aeda1973-4148-474a-8153-c199958a59c6','2023-09-18 13:58:22.982146+05:30',835.00,253.00,0.42,1,'1000',2),
    (27, 11,13,'aeda1973-4148-474a-8153-c199958a59c6','2023-09-18 14:00:23.457056+05:30',210.00,59.00,0.10,1,'250',3),
    (28, 1,11,'45ba25bb-eab9-461f-a93b-559e4e8c74e4','2023-09-23 14:03:11.433492+05:30',320.00,98.00,0.16,1,'400',2),
    (29, 25,11,'45ba25bb-eab9-461f-a93b-559e4e8c74e4','2023-09-08 14:06:11.94036+05:30',250.00,49.00,0.13,1,'500',1),
    (30, 23,18,'f6fed7de-dba7-4988-b73b-b775c7577bc2','2023-09-14 14:09:41.826812+05:30',520.00,238.00,0.26,1,'1000',2),
    (31, 23,18,'f6fed7de-dba7-4988-b73b-b775c7577bc2','2023-09-14 14:09:42.004142+05:30',520.00,238.00,0.26,1,'1000',2),
    (32, 5,5,'d0fdf18f-40af-46d3-9475-81465cf61994','2023-10-01 10:25:50.093878+05:30',320.00,58.00,0.16,1,'500',2),
    (33, 2,5,'d0fdf18f-40af-46d3-9475-81465cf61994','2023-10-02 10:27:44.236788+05:30',900.00,699.00,0.45,1,'1000',2),
    (34, 18,3,'aeda1973-4148-474a-8153-c199958a59c6','2023-10-03 10:30:19.265821+05:30',720.00,108.00,0.36,1,'1000',2),
    (35, 27,3,'aeda1973-4148-474a-8153-c199958a59c6','2023-10-04 10:32:18.783606+05:30',580.00,158.00,0.29,1,'1000',2),
    (36, 41,3,'aeda1973-4148-474a-8153-c199958a59c6','2023-10-06 10:36:10.12227+05:30',440.00,39.00,0.22,1,'500',2),
    (37, 3,10,'45ba25bb-eab9-461f-a93b-559e4e8c74e4','2023-10-06 10:38:02.545367+05:30',420.00,-61.00,0.21,1,'500',2),
    (38, 12,10,'45ba25bb-eab9-461f-a93b-559e4e8c74e4','2023-10-06 10:39:12.154601+05:30',690.00,238.00,0.34,1,'1000',3),
    (39, 40,10,'45ba25bb-eab9-461f-a93b-559e4e8c74e4','2023-10-07 10:40:40.997089+05:30',260.00,47.00,0.13,1,'300',3),
    (40, 31,17,'f6fed7de-dba7-4988-b73b-b775c7577bc2','2023-10-08 10:43:44.984362+05:30',1700.00,299.00,0.85,1,'2000',2),
    (41, 27,17,'f6fed7de-dba7-4988-b73b-b775c7577bc2','2023-10-10 10:51:23.431734+05:30',940.00,298.00,0.47,1,'1000',3),
    (42, 7,17,'f6fed7de-dba7-4988-b73b-b775c7577bc2','2023-10-11 10:53:22.424805+05:30',1800.00,599.00,0.90,1,'2000',6),
    (43, 8,17,'f6fed7de-dba7-4988-b73b-b775c7577bc2','2023-10-11 10:54:40.046482+05:30',230.00,78.00,0.12,1,'300',1),
    (44, 21,19,'d0fdf18f-40af-46d3-9475-81465cf61994','2023-10-12 10:57:39.877009+05:30',450.00,349.00,0.23,1,'500',1),
    (45, 17,19,'d0fdf18f-40af-46d3-9475-81465cf61994','2023-10-13 10:59:40.975847+05:30',3750.00,1349.00,1.88,1,'4000',3),
    (46, 6,15,'aeda1973-4148-474a-8153-c199958a59c6','2023-10-15 11:02:24.11861+05:30',920.00,-53.00,0.46,1,'1000',5),
    (47, 3,7,'aeda1973-4148-474a-8153-c199958a59c6','2023-10-16 11:08:24.749376+05:30',1480.00,376.00,0.74,1,'1500',7),
    (48, 29,7,'aeda1973-4148-474a-8153-c199958a59c6','2023-10-17 11:17:36.926934+05:30',600.00,199.00,0.30,1,'1000',2);


INSERT INTO cart (order_id, product_id, quantity,  sub_total_amount, created_at)
VALUES
    (1,'b34ea334-9f36-4c3e-92a1-449fdae018e7',3,90.00,'2023-08-15'),
    (1,'6782cdfd-6476-4b95-974d-456a9383bbd0',2,95.00,'2023-08-15'),
    (1,'c52c8756-9213-45ac-87cc-b3e49fac9095',1,50.00,'2023-08-15'),
    (2,'13f9f76c-0407-4092-a71a-375de6452c74',2,64.18,'2023-08-15'),
    (2,'4525dfa6-601c-4b79-a74b-c406acf73370',5,33.25,'2023-08-15'),
    (3,'38ec3114-66a3-4f71-b018-e63e8e286a8f',1,180.72,'2023-08-20'),
    (3,'421179a8-d49f-49fa-b542-fd1a997b2cfb',3,300.00,'2023-08-20'),
    (4,'5e51e5e5-1d84-4f41-956a-70db73e8e7b6',4,47.74,'2023-08-25'),
    (4,'8a6752b9-e9ca-44c6-a9c0-cc562a5ac21b',2,90.00,'2023-08-25'),
    (5,'f2ea548c-0b0a-4124-9f97-4f5c211534c8',1,25.00,'2023-08-25'),
    (6,'ef8a2608-3168-4cec-9e5c-9f03f5555699',2,71.96,'2023-08-31'),
    (6,'e53ec0ef-eec0-4e3f-8e75-79e2e29c9b5d',3,75.75,'2023-08-31'),
    (7,'0acf7d7e-b925-4422-b8c3-9e9e2069dcf4',4,270.00,'2023-09-01'),
    (8,'63de162b-3ffa-4b1e-9963-53c24e90b18c',5,170.42,'2023-09-01'),
    (9,'fe476643-4e56-40b4-a9ef-a8063256654f',1,100.25,'2023-09-02'),
    (10,'d87c4075-3991-4168-9a8a-cf41183474a2',2,357.96,'2023-09-05'),
    (10,'3b0913d5-e5fe-44bc-833a-bdd633267f63',3,270.00,'2023-09-05'),
    (11,'c813f8a5-19ea-4687-94ab-fd9e189ccdd6',4,450.00,'2023-09-05'),
    (12,'98f6c185-4401-4252-8ab8-60dc63836f0a',5,237.50,'2023-09-10'),
    (13,'5dba6b8a-349c-43e3-8449-ffa0e6849e2d',1,100.00,'2023-09-12'),
    (14,'ef8a2608-3168-4cec-9e5c-9f03f5555699',2,200.50,'2023-09-15'),
    (15,'13f9f76c-0407-4092-a71a-375de6452c74',2,399.00,'2023-09-27'),
    (15,'b34ea334-9f36-4c3e-92a1-449fdae018e7',2,139.00,'2023-09-27'),
    (16,'b34ea334-9f36-4c3e-92a1-449fdae018e7',2,139.00,'2023-09-28'),
    (17,'98f6c185-4401-4252-8ab8-60dc63836f0a',1,1249.00,'2023-09-28'),
    (17,'5e51e5e5-1d84-4f41-956a-70db73e8e7b6',2,499.00,'2023-09-28'),
    (18,'6782cdfd-6476-4b95-974d-456a9383bbd0',2,139.00,'2023-09-29'),
    (18,'5dba6b8a-349c-43e3-8449-ffa0e6849e2d',1,449.00,'2023-09-29'),
    (19,'5dba6b8a-349c-43e3-8449-ffa0e6849e2d',1,449.00,'2023-09-01'),
    (19,'6782cdfd-6476-4b95-974d-456a9383bbd0',1,69.00,'2023-09-01'),
    (20,'98f6c185-4401-4252-8ab8-60dc63836f0a',1,1249.00,'2023-09-02'),
    (21,'421179a8-d49f-49fa-b542-fd1a997b2cfb',3,688.00,'2023-09-03'),
    (22,'5e51e5e5-1d84-4f41-956a-70db73e8e7b6',1,249.00,'2023-09-03'),
    (22,'f2ea548c-0b0a-4124-9f97-4f5c211534c8',2,599.00,'2023-09-03'),
    (23,'b34ea334-9f36-4c3e-92a1-449fdae018e7',2,139.00,'2023-09-03'),
    (23,'6782cdfd-6476-4b95-974d-456a9383bbd0',3,209.00,'2023-09-03'),
    (23,'c52c8756-9213-45ac-87cc-b3e49fac9095',1,119.00,'2023-09-03'),
    (24,'38ec3114-66a3-4f71-b018-e63e8e286a8f',2,439.00,'2023-09-04'),
    (25,'8a6752b9-e9ca-44c6-a9c0-cc562a5ac21b',3,539.00,'2023-09-05'),
    (25,'fe476643-4e56-40b4-a9ef-a8063256654f',1,189.00,'2023-09-05'),
    (25,'ef8a2608-3168-4cec-9e5c-9f03f5555699',1,599.00,'2023-09-05'),
    (26,'e53ec0ef-eec0-4e3f-8e75-79e2e29c9b5d',1,474.00,'2023-09-07'),
    (26,'0acf7d7e-b925-4422-b8c3-9e9e2069dcf4',1,359.00,'2023-09-07'),
    (27,'b34ea334-9f36-4c3e-92a1-449fdae018e7',3,209.00,'2023-09-18'),
    (28,'c52c8756-9213-45ac-87cc-b3e49fac9095',1,119.00,'2023-09-23'),
    (28,'d87c4075-3991-4168-9a8a-cf41183474a2',1,199.00,'2023-09-23'),
    (29,'5e51e5e5-1d84-4f41-956a-70db73e8e7b6',1,249.00,'2023-09-08'),
    (30,'d87c4075-3991-4168-9a8a-cf41183474a2',1,199.00,'2023-09-14'),
    (30,'3b0913d5-e5fe-44bc-833a-bdd633267f63',1,319.00,'2023-09-14'),
    (31,'d87c4075-3991-4168-9a8a-cf41183474a2',1,199.00,'2023-09-14'),
    (31,'3b0913d5-e5fe-44bc-833a-bdd633267f63',1,319.00,'2023-09-14'),
    (32,'5e51e5e5-1d84-4f41-956a-70db73e8e7b6',1,249.00,'2023-10-01'),
    (32,'6782cdfd-6476-4b95-974d-456a9383bbd0',1,69.00,'2023-10-01'),
    (33,'5dba6b8a-349c-43e3-8449-ffa0e6849e2d',2,899.00,'2023-10-02'),
    (34,'c52c8756-9213-45ac-87cc-b3e49fac9095',1,119.00,'2023-10-03'),
    (34,'ef8a2608-3168-4cec-9e5c-9f03f5555699',1,599.00,'2023-10-03'),
    (35,'38ec3114-66a3-4f71-b018-e63e8e286a8f',1,219.00,'2023-10-04'),
    (35,'0acf7d7e-b925-4422-b8c3-9e9e2069dcf4',1,359.00,'2023-10-04'),
    (36,'38ec3114-66a3-4f71-b018-e63e8e286a8f',2,439.00,'2023-10-06'),
    (37,'4525dfa6-601c-4b79-a74b-c406acf73370',2,419.00,'2023-10-06'),
    (38,'421179a8-d49f-49fa-b542-fd1a997b2cfb',3,688.00,'2023-10-06'),
    (39,'b34ea334-9f36-4c3e-92a1-449fdae018e7',1,69.00,'2023-10-07'),
    (39,'6782cdfd-6476-4b95-974d-456a9383bbd0',1,69.00,'2023-10-07'),
    (39,'c52c8756-9213-45ac-87cc-b3e49fac9095',1,119.00,'2023-10-07'),
    (40,'c813f8a5-19ea-4687-94ab-fd9e189ccdd6',2,1699.00,'2023-10-08'),
    (41,'38ec3114-66a3-4f71-b018-e63e8e286a8f',1,219.00,'2023-10-10'),
    (41,'0acf7d7e-b925-4422-b8c3-9e9e2069dcf4',2,719.00,'2023-10-10'),
    (42,'f2ea548c-0b0a-4124-9f97-4f5c211534c8',6,1799.00,'2023-10-11'),
    (43,'421179a8-d49f-49fa-b542-fd1a997b2cfb',1,228.00,'2023-10-11'),
    (44,'5dba6b8a-349c-43e3-8449-ffa0e6849e2d',1,449.00,'2023-10-12'),
    (45,'98f6c185-4401-4252-8ab8-60dc63836f0a',3,3749.00,'2023-10-13'),
    (46,'38ec3114-66a3-4f71-b018-e63e8e286a8f',1,219.00,'2023-10-15'),
    (46,'b34ea334-9f36-4c3e-92a1-449fdae018e7',1,69.00,'2023-10-15'),
    (46,'4525dfa6-601c-4b79-a74b-c406acf73370',3,629.00,'2023-10-15'),
    (47,'13f9f76c-0407-4092-a71a-375de6452c74',4,799.00,'2023-10-16'),
    (47,'421179a8-d49f-49fa-b542-fd1a997b2cfb',2,458.00,'2023-10-16'),
    (47,'38ec3114-66a3-4f71-b018-e63e8e286a8f',1,219.00,'2023-10-16'),
    (48,'f2ea548c-0b0a-4124-9f97-4f5c211534c8',2,599.00,'2023-10-17');


INSERT INTO variable_options(
	 variable_name, variable_value)
	VALUES ('rewards_points_percentage', '0.05');
